variable,count,mean,std,min,25%,50%,75%,max,original
dummy1,1000.0,6.0720362856542435e-05,0.010057804306120967,-0.0322786497359999,-0.006839785307510325,0.00054003089740455,0.0067421362804295755,0.0328464311972664,0.0059112068635442
dummy2,1000.0,0.0010768784634086486,0.011424479034692375,-0.0367830421358306,-0.0066845469448974255,0.00114728704330505,0.008631824576203574,0.0335536924132,0.0073258352761484
x1,1000.0,0.10050317602267841,2.9908223284622903,-8.818734286222892,-1.7900099665764118,0.12202973504137696,1.927525800326055,28.20460194280316,28.20460194280316
x2,1000.0,-0.01642218816457097,7.713604649104026,-21.87768695080129,-4.969622549790055,0.0946096838640535,4.715564017609093,75.05164149092506,75.05164149092506
x3,1000.0,0.11246476531883277,1.9364370098029473,-5.387910935855587,-1.1413199982760465,0.1174817420041236,1.3499220850785494,17.755699579567402,17.755699579567402
